NAME,PRICE,PEOPLE
네이처하이크 빌리지 13,339660,3
네이처하이크 빌리지 13,339660,4
네이처하이크 에어텐트 12.0,430940,3
네이처하이크 에어텐트 12.0,430940,4
네이처하이크 에어텐트 12X,617405,2
네이처하이크 에어텐트 12X,617405,3
네이처하이크 에어텐트 12Y,514150,4
네이처하이크 에어텐트 17.2,1049310,2
네이처하이크 에어텐트 17.2,1049310,3
네이처하이크 에어텐트 6.3,333200,2
네이처하이크 빌리지 6.0 2세대 퀵오픈 텐트,171090,4
네이처하이크 빌리지 6.0 2세대 퀵오픈 텐트,171090,5
네이처하이크 빌리지 6.0 2세대 퀵오픈 텐트,171090,6
네이처하이크 마운틴 리빙쉘 초경량 원터치 텐트,194310,2
네이처하이크 빌리지 13 업글형,265390,3
네이처하이크 빌리지 13 업글형,265390,4
네이처하이크 클라우드피크2 텐트 20D,87790,2
네이처하이크 빌리지 8.5,297200,2
네이처하이크 빌리지 8.5,297200,3
네이처하이크 빌리지 스위트,503840,6
네이처하이크 클라우드피크2 텐트 15D,86460,2
네이처하이크 몽가2 20D,83500,2
네이처하이크 클라우드 보트 라이트 터널 텐트,282960,2
네이처하이크 클라우드 보트 라이트 터널 텐트,282960,3
네이처하이크 에어텐트 13.2,933510,3
네이처하이크 에어텐트 13.2,933510,4
네이처하이크 캐니언 1인용 퀵오픈 텐트,92040,1
네이처하이크 클라우드 투어러2 텐트,149760,2
네이처하이크 몽가 2 15D,115500,2
네이처하이크 아레스 싱글 텐트,128460,1
네이처하이크 지니쉘터,81450,3
네이처하이크 지니쉘터,81450,4
네이처하이크 빌리지 13 거실형,234490,2
네이처하이크 빌리지 13 거실형,234490,3
네이처하이크 빌리지 17,370150,4
네이처하이크 앙고 에어텐트,123490,3
네이처하이크 A형 오두막 자동텐트,186790,3
네이처하이크 A형 오두막 자동텐트,186790,4
네이처하이크 빅1 텐트,75760,1
네이처하이크 원터치 더블레이어 텐트,50660,3
네이처하이크 원터치 더블레이어 텐트,50660,4
네이처하이크 리빙 돔 쉘터,357270,4
네이처하이크 리빙 돔 쉘터,357270,5
네이처하이크 SHAQIU7.6 캠핑 리빙쉘 텐트 쉘터,246070,2
네이처하이크 SHAQIU7.6 캠핑 리빙쉘 텐트 쉘터,246070,3
네이처하이크 캐니언 2인용 퀵오픈 텐트,103450,2
네이처하이크 빌리지 텐트 5.0,172000,3
네이처하이크 빌리지 텐트 5.0,172000,4
네이처하이크 오파러스2 터널텐트 210T,115900,2
네이처하이크 클라우드업2 플러스 텐트 20D,100000,2
네이처하이크 클라우드 베젤 텐트 L,659990,6
네이처하이크 랜치 피라미드 티피 텐트,301810,4
네이처하이크 앙고 3 자동 텐트,45770,3
네이처하이크 운천 클라우드 리버 Pro 초경량 텐트 2인,56280,2
네이처하이크 운천 클라우드 리버 Pro 초경량 텐트 3인,62060,3
네이처하이크 빌리지 5.0 2세대 퀵오픈 텐트,134550,2
네이처하이크 빌리지 5.0 2세대 퀵오픈 텐트,134550,3
네이처하이크 빌리지 5.0 2세대 퀵오픈 텐트,134550,4
네이처하이크 8각 피라미드형 텐트,356200,8
네이처하이크 비치 쉘터,52110,3
네이처하이크 비치 쉘터,52110,4
네이처하이크 슈퍼 시더,448000,3
네이처하이크 슈퍼 시더,448000,4
네이처하이크 셰퍼드 돔 텐트 S,621150,5
네이처하이크 셰퍼드 돔 텐트 S,621150,6
네이처하이크 클라우드 와일드 차박 텐트,312540,2
네이처하이크 클라우드 와일드 차박 텐트,312540,3
네이처하이크 스타리버2 텐트 20D,99900,2
네이처하이크 오파러스2 터널텐트 15D,215850,2
네이처하이크 이동식 샤워 부스 텐트,62650,1
네이처하이크 익스탠드 4.8 쉘터,218770,2
네이처하이크 4면 피라미드 자동텐트,169050,3
네이처하이크 4면 피라미드 자동텐트,169050,4
네이처하이크 오파러스3 터널텐트 20D,271610,3
네이처하이크 클라우드 베젤 텐트 M,465490,5
네이처하이크 앙고 4 텐트,110140,4
네이처하이크 메종 아틀리에 220,516000,2
네이처하이크 네뷸라2 텐트 20D,184000,1
네이처하이크 네뷸라2 텐트 20D,184000,2
네이처하이크 원터치 팝업텐트,86680,3
네이처하이크 원터치 팝업텐트,86680,4
네이처하이크 돔쉘터 티케 210T,433990,3
네이처하이크 돔쉘터 티케 210T,433990,4
네이처하이크 하이비4 텐트 40D,380860,3
네이처하이크 하이비4 텐트 40D,380860,4
네이처하이크 클라우드업1 플러스 텐트 210T,69000,1
네이처하이크 NH 클라우드업3 플러스 텐트 20D,245200,3
네이처하이크 원터치 리빙쉘 텐트,886080,3
네이처하이크 클라우드업2 텐트 20D,193590,1
네이처하이크 클라우드업2 텐트 20D,193590,2
네이처하이크 NH 클라우드업2 플러스 텐트 20D 스커트,206190,2
네이처하이크 앙고 3 자동 텐트 라이트,69890,3
네이처하이크 슈퍼 포레스트,784000,2
네이처하이크 앙고 2in1 원터치 텐트 타프 3인용 실버코팅,99990,3
네이처하이크 메종 아틀리에 280,948000,4
네이처하이크 메종 아틀리에 400,2175490,6
네이처하이크 육각 몽고텐트,271020,3
네이처하이크 육각 몽고텐트,271020,4
네이처하이크 앙고 2in1 원터치 텐트 타프 3인용 블랙코팅,103510,3
네이처하이크 코튼 벨텐트 브라이튼 12.3,955000,4
네이처하이크 메종 빌라,372000,2
네이처하이크 메종 빌라,372000,3
네이처하이크 몽가2 텐트 210T,125800,1
네이처하이크 몽가2 텐트 210T,125800,2
네이처하이크 NH 클라우드업3 플러스 텐트 20D 스커트,280830,3
네이처하이크 슈퍼노바 슈퍼 랜드,841300,4
네이처하이크 NH 클라우드업1 플러스 텐트 20D,77580,1
네이처하이크 분리형 간이 샤워 텐트,95670,1
네이처하이크 분리형 간이 샤워 텐트,95670,2
네이처하이크 앙고 2in1 원터치 텐트 타프 3인용 일반버전,107490,3
네이처하이크 앙고 2in1 원터치 텐트 타프 2인용 실버코팅,89810,2
네이처하이크 접이식 샤워텐트,35730,1
네이처하이크 오파러스3 터널텐트 210T,285000,3
네이처하이크 NH 클라우드업 윙2 텐트 15D,195750,2
네이처하이크 베어 UL2 텐트,229230,2
네이처하이크 NH 빅1 텐트 15D 스커트,147290,1
네이처하이크 스타리버2 텐트 210T,181000,2
코베아 고스트 플러스,996600,4
코베아 몬스터,870000,3
코베아 몬스터,870000,4
코베아 고스트 팬텀,1261500,4
코베아 트윈 돔 2,275190,4
코베아 몬타나 쉘터 2,376190,4
코베아 네스트 W,605100,4
코베아 와일드 알파,683400,4
코베아 마리나,389110,4
코베아 투어링 2,450000,4
코베아 투어링 카 쉘터,229500,4
코베아 투어링 카 쉘터,229500,5
코베아 이지 돔 2,254140,4
코베아 투어링 카 쉘터 M2,238600,3
코베아 투어링 카 쉘터 M2,238600,4
코베아 크레센도 2,354990,4
코베아 크레센도 2,354990,5
코베아 고스트 레이스,800400,4
코베아 고스트 타이탄,1650000,4
코베아 네스트 T,657300,4
코베아 에버닌 제리,494000,4
코베아 몬타나,198000,2
코베아 스크린 300,114400,5
코베아 스크린 300,114400,6
코베아 에버캠프 시그니처,1616960,4
코베아 팝업 텐트,72980,2
코베아 팝업 텐트,72980,3
코베아 아이거,521130,4
코베아 문리버 4,836000,4
코베아 X 코어 N,296830,2
코베아 카바나,933270,4
코베아 베이스볼 쉐이드 (기아 타이거즈),22440,4
코베아 그레이트 파빌리온 2,661800,6
코베아 고스트 쉘터,739500,4
코베아 트랙돔 EX,172670,4
코베아 트랙돔 EX,172670,5
코베아 코어 텐트,129990,1
코베아 미니 티피 블랙,470610,4
코베아 와우 골드,198000,2
코베아 레트로 파빌리온,1173000,6
코베아 폭스리버 DX,850000,4
코베아 폭스리버 DX,850000,5
코베아 레트로 고스트,1680000,3
코베아 레트로 고스트,1680000,4
코베아 나노 텐트,126200,2
코베아 나비스 돔,239800,4
코베아 블랙홀,669730,4
코베아 에버닌 메리 베이지,660000,4
코베아 갤럭시 돔,214190,4
코베아 코트텐트 2,212630,1
코베아 코트텐트 2,212630,2
코베아 몬타나 N,281880,2
코베아 빅 쉐이드 그늘막 텐트,87100,4
코베아 로보카 폴리 와우,68990,2
코베아 X 코어 텐트 블랙,255550,2
코베아 와우 리빙,382500,4
코베아 와우 리빙,382500,5
코베아 오토하우스 S 2,348500,4
코베아 팝 쉐이드,104630,3
코베아 메가 쉐이드 그늘막 텐트,159000,4
코베아 오토하우스 M 2,590000,4
코베아 파라스틱,272000,2
코베아 베이스볼 쉐이드 (키움 히어로즈),79000,3
코베아 베이스볼 쉐이드 (키움 히어로즈),79000,4
코베아 엘핀 2,199000,2
코베아 엘핀 2,199000,3
코베아 오클랜드 EXT,627890,4
코베아 파빌리온 8,702710,6
코베아 코트텐트 BR,160000,1
코베아 T 코어 텐트,233750,2
코베아 이스턴 시그니처,1890000,4
코베아 캐빈돔,470000,5
코베아 오토 하우스 S,306850,4
코베아 오토 하우스 S,306850,5
코베아 아웃백 시그니처,1550000,4
코베아 비틀 쉐이드 2,94000,4
코베아 비틀 쉐이드 2,94000,5
코베아 베이스볼 쉐이드 (한화 이글스),79000,4
코베아 아웃백 4,1041390,4
코베아 레트로 캐슬,1990000,4
코베아 라바 알파인 텐트,279000,2
코베아 타우포 2,782000,4
코베아 타우포,1195000,4
코베아 베이스볼 쉐이드 (LG 트윈스),79000,4
코베아 Y 코어 텐트,190000,2
코베아 트윅 그늘막,166990,4
코베아 피코,146000,1
코베아 BTS ON 미니 하우스,356700,2
코베아 BTS ON 레트로 하우스,751490,4
코베아 네스트 돔,382800,3
코베아 네스트 돔,382800,4
코베아 와우 패밀리 골드,240000,2
코베아 와우 쉐이드 M,74800,3
코베아 와우 쉐이드 L,97750,4
코베아 크레타 500,499000,4
코베아 크레타 500,499000,5
코베아 앵글 쉐이드,91010,2
코베아 앵글 쉐이드,91010,3
코베아 팜비치 2,80000,4
코베아 X 코어 텐트,255550,2
코베아 베이스볼 쉐이드 (NC 다이노스),79000,4
코베아 베이스볼 쉐이드 (삼성 라이온즈),79000,4
코베아 베이스볼 쉐이드 (SK 와이번스),79000,4
코베아 비틀쉐이드,102300,4
코베아 비틀쉐이드,102300,5
코베아 팜비치,95990,4
코베아 머핀 돔,508300,4
코베아 지엔 그늘막,44800,2
코베아 스텔스 4,420830,4
코베아 트랙 돔,299200,4
코베아 코딘 스퀘어 티피,623900,4
코베아 트랜스업,560000,4
코베아 돔 270 골드,506600,4
코베아 허니콤,338300,4
코베아 허니콤,338300,5
코베아 휴메이트,722500,4
코베아 그레이트 파빌리온 셀프 이너텐트,218800,4
아이두젠 패스트캠프 원터치 텐트 마운트프로 MAX,331550,9
아이두젠 패스트캠프 A1 차박텐트,160550,4
아이두젠 패스트캠프 A1 차박텐트,160550,5
아이두젠 패스트캠프 원터치 육각텐트 오토6,79900,5
아이두젠 패스트캠프 오페라 스위트,109000,4
아이두젠 패스트캠프 오페라 스위트,109000,5
아이두젠 패스트캠프 원터치 육각텐트 오토8,132050,8
아이두젠 차박캠프 SUV 차량 트렁크 카텐트,170040,1
아이두젠 차박캠프 SUV 차량 트렁크 카텐트,170040,2
아이두젠 모빌리티 A4,329000,7
아이두젠 패스트캠프 원터치 텐트 베이직 2,39900,1
아이두젠 패스트캠프 원터치 텐트 베이직 2,39900,2
아이두젠 패스트캠프 메가스위트 블랙에디션,89900,4
아이두젠 패스트캠프 메가스위트 블랙에디션,89900,5
아이두젠 패스트캠프 방수돔 텐트 2,46550,2
아이두젠 A10 플러스 자립형 오토 차박 텐트,349000,6
아이두젠 패스트캠프 원터치 텐트 자이언트,148990,6
아이두젠 패스트캠프 오페라 3,47405,3
아이두젠 패스트캠프 오페라 3,47405,4
아이두젠 캐빈 프로,259300,4
아이두젠 패스트캠프 방수돔 텐트 3,59000,3
아이두젠 패스트캠프 메가스위트,74900,4
아이두젠 패스트캠프 메가스위트,74900,5
아이두젠 패스트캠프 오페라 반타 플러스 원터치 텐트,109000,5
아이두젠 패스트캠프 베이직3,47400,3
아이두젠 패스트캠프 베이직3,47400,4
아이두젠 패스트캠프 티피 텐트,141540,6
아이두젠 패스트캠프 원터치 텐트 오토 4,52150,3
아이두젠 패스트캠프 원터치 텐트 오토 4,52150,4
아이두젠 마운트 프로 돔 텐트 4,369000,4
아이두젠 패스트캠프 티피 프로 L,498990,5
아이두젠 패스트캠프 메가 5,79000,5
아이두젠 패스트캠프 오토 4 클래식,94905,4
아이두젠 패스트캠프 오토 4 클래식,94905,5
아이두젠 패스트캠프 티피 프로 익스텐션 S,429000,2
아이두젠 패스트캠프 티피 프로 익스텐션 S,429000,3
아이두젠 패스트캠프 오토4 하이엔드,69890,3
아이두젠 패스트캠프 오토4 하이엔드,69890,4
아이두젠 패스트캠프 원터치 텐트 마운트프로 S,249000,6
아이두젠 패스트캠프 오토4 클래식 하이엔드 자동텐트,85400,4
아이두젠 패스트캠프 오토4 클래식 하이엔드 자동텐트,85400,5
아이두젠 패스트캠프 에이텐트 트라이베카,69000,5
아이두젠 패스트캠프 원터치 텐트 슈퍼빅 3,84890,3
아이두젠 패스트캠프 원터치 텐트 슈퍼빅 3,84890,4
아이두젠 패스트캠프 트라이베카 플러스 오토텐트,79000,5
아이두젠 패스트캠프 오페라 3 어반그레이,59900,3
아이두젠 패스트캠프 오페라 3 어반그레이,59900,4
아이두젠 패스트캠프 미니멀 백패킹 텐트 M1,98990,1
아이두젠 패스트캠프 미니멀 백패킹 텐트 M1,98990,2
아이두젠 패스트캠프 베이직 3 PLUS 빅패밀리,66400,4
아이두젠 패스트캠프 오토6 윈도우 PLUS 텐트,90155,5
아이두젠 패스트캠프 테라 4 아웃돔,79900,5
아이두젠 패스트캠프 테라 4 아웃돔,79900,6
아이두젠 패스트캠프 테라 4,75905,5
아이두젠 패스트캠프 테라 4,75905,6
아이두젠 패스트캠프 원터치 텐트 마운트프로 L,249000,6
아이두젠 패스트캠프 베이직 3 PLUS,52150,3
아이두젠 패스트캠프 베이직 3 PLUS,52150,4
아이두젠 패스트캠프 테라6,84920,6
아이두젠 패스트캠프 테라6,84920,7
아이두젠 패스트캠프 원터치 텐트 슈퍼빅 5,84900,5
아이두젠 패스트캠프 원터치 텐트 슈퍼빅 5,84900,6
텐트마크디자인 서커스 TC 빅 텐트,367900,4
텐트마크디자인 서커스 TC 빅 텐트,367900,5
텐트마크디자인 서커스 TC DX,188100,2
텐트마크디자인 서커스 TC DX,188100,3
텐트마크디자인 서커스 TC,480000,2
텐트마크디자인 서커스 TC,480000,3
텐트마크디자인 서커스 TC 빅 플러스 텐트,811800,4
텐트마크디자인 서커스 TC 빅 플러스 텐트,811800,5
텐트마크디자인 서커스 코튼,420000,2
텐트마크디자인 서커스 코튼,420000,3
텐트마크디자인 서커스 TC DX 플러스 텐트 그린,557000,4
텐트마크디자인 판다 텐트,320000,1
텐트마크디자인 서커스 TC DX 텐트 그린,725800,4
텐트마크디자인 판다 라이트,296490,1
텐트마크디자인 판다 VC,490000,1
백컨트리 툰드라 얼티메이트,622730,3
백컨트리 툰드라 얼티메이트,622730,4
백컨트리 이지 쉘터,515600,4
백컨트리 이지 쉘터,515600,5
백컨트리 재너두 1.5 익스패디션,382800,1
백컨트리 재너두 2P DAC 익스패디션,491290,2
백컨트리 로제떼 프리미엄 2P,370480,2
백컨트리 재너두 4P DAC 익스패디션,598990,4
백컨트리 재너두 2P,480930,2
백컨트리 알파인 돔 쉘터 오리손,546540,5
백컨트리 알파인 돔 쉘터 오리손,546540,6
백컨트리 실바 4P 프리미엄,494170,4
백컨트리 세틀라이트 2P DAC폴 Ver,395520,2
백컨트리 세틀라이트 2P UL폴 Ver,402280,2
